[{
	"SalesOrderID": "SalesOrderID 1",
	"Note": "Note 1",
	"NoteLanguage": "NoteLanguage 1",
	"CustomerID": "BusinessPartnerID 1",
	"CustomerName": "CustomerName 1",
	"CurrencyCode": "CurrencyCode 1",
	"GrossAmount": 4381.72,
	"NetAmount": 4359.73,
	"TaxAmount": 7134.5,
	"LifecycleStatus": "LifecycleStatus 1",
	"LifecycleStatusDescription": "LifecycleStatusDescription 1",
	"BillingStatus": "BillingStatus 1",
	"BillingStatusDescription": "BillingStatusDescription 1",
	"DeliveryStatus": "DeliveryStatus 1",
	"DeliveryStatusDescription": "DeliveryStatusDescription 1",
	"CreatedAt": "/Date(1467716878000)/",
	"ChangedAt": "/Date(1366628878000)/",
	"__metadata": {
		"uri": "SalesOrderSet('SalesOrderID%201')",
		"type": "GWSAMPLE_BASIC.SalesOrder"
	},
	"ToBusinessPartner": {
		"__deferred": {
			"uri": "SalesOrderSet('SalesOrderID%201')/ToBusinessPartner"
		}
	},
	"ToLineItems": {
		"__deferred": {
			"uri": "SalesOrderSet('SalesOrderID%201')/ToLineItems"
		}
	}
}, {
	"SalesOrderID": "SalesOrderID 2",
	"Note": "Note 2",
	"NoteLanguage": "NoteLanguage 2",
	"CustomerID": "BusinessPartnerID 2",
	"CustomerName": "CustomerName 2",
	"CurrencyCode": "CurrencyCode 2",
	"GrossAmount": 7977.74,
	"NetAmount": 9796.36,
	"TaxAmount": 176.92,
	"LifecycleStatus": "LifecycleStatus 2",
	"LifecycleStatusDescription": "LifecycleStatusDescription 2",
	"BillingStatus": "BillingStatus 2",
	"BillingStatusDescription": "BillingStatusDescription 2",
	"DeliveryStatus": "DeliveryStatus 2",
	"DeliveryStatusDescription": "DeliveryStatusDescription 2",
	"CreatedAt": "/Date(1019992078000)/",
	"ChangedAt": "/Date(1364213278000)/",
	"__metadata": {
		"uri": "SalesOrderSet('SalesOrderID%202')",
		"type": "GWSAMPLE_BASIC.SalesOrder"
	},
	"ToBusinessPartner": {
		"__deferred": {
			"uri": "SalesOrderSet('SalesOrderID%202')/ToBusinessPartner"
		}
	},
	"ToLineItems": {
		"__deferred": {
			"uri": "SalesOrderSet('SalesOrderID%202')/ToLineItems"
		}
	}
}, {
	"SalesOrderID": "SalesOrderID 3",
	"Note": "Note 3",
	"NoteLanguage": "NoteLanguage 3",
	"CustomerID": "BusinessPartnerID 3",
	"CustomerName": "CustomerName 3",
	"CurrencyCode": "CurrencyCode 3",
	"GrossAmount": 6300.3,
	"NetAmount": 6293.02,
	"TaxAmount": 7491.99,
	"LifecycleStatus": "LifecycleStatus 3",
	"LifecycleStatusDescription": "LifecycleStatusDescription 3",
	"BillingStatus": "BillingStatus 3",
	"BillingStatusDescription": "BillingStatusDescription 3",
	"DeliveryStatus": "DeliveryStatus 3",
	"DeliveryStatusDescription": "DeliveryStatusDescription 3",
	"CreatedAt": "/Date(1038744478000)/",
	"ChangedAt": "/Date(1065006478000)/",
	"__metadata": {
		"uri": "SalesOrderSet('SalesOrderID%203')",
		"type": "GWSAMPLE_BASIC.SalesOrder"
	},
	"ToBusinessPartner": {
		"__deferred": {
			"uri": "SalesOrderSet('SalesOrderID%203')/ToBusinessPartner"
		}
	},
	"ToLineItems": {
		"__deferred": {
			"uri": "SalesOrderSet('SalesOrderID%203')/ToLineItems"
		}
	}
}, {
	"SalesOrderID": "SalesOrderID 4",
	"Note": "Note 4",
	"NoteLanguage": "NoteLanguage 4",
	"CustomerID": "BusinessPartnerID 4",
	"CustomerName": "CustomerName 4",
	"CurrencyCode": "CurrencyCode 4",
	"GrossAmount": 9265.5,
	"NetAmount": 7779.26,
	"TaxAmount": 8090.06,
	"LifecycleStatus": "LifecycleStatus 4",
	"LifecycleStatusDescription": "LifecycleStatusDescription 4",
	"BillingStatus": "BillingStatus 4",
	"BillingStatusDescription": "BillingStatusDescription 4",
	"DeliveryStatus": "DeliveryStatus 4",
	"DeliveryStatusDescription": "DeliveryStatusDescription 4",
	"CreatedAt": "/Date(1445684878000)/",
	"ChangedAt": "/Date(1310123278000)/",
	"__metadata": {
		"uri": "SalesOrderSet('SalesOrderID%204')",
		"type": "GWSAMPLE_BASIC.SalesOrder"
	},
	"ToBusinessPartner": {
		"__deferred": {
			"uri": "SalesOrderSet('SalesOrderID%204')/ToBusinessPartner"
		}
	},
	"ToLineItems": {
		"__deferred": {
			"uri": "SalesOrderSet('SalesOrderID%204')/ToLineItems"
		}
	}
}, {
	"SalesOrderID": "SalesOrderID 5",
	"Note": "Note 5",
	"NoteLanguage": "NoteLanguage 5",
	"CustomerID": "BusinessPartnerID 5",
	"CustomerName": "CustomerName 5",
	"CurrencyCode": "CurrencyCode 5",
	"GrossAmount": 8379.21,
	"NetAmount": 9735.32,
	"TaxAmount": 7418.28,
	"LifecycleStatus": "LifecycleStatus 5",
	"LifecycleStatusDescription": "LifecycleStatusDescription 5",
	"BillingStatus": "BillingStatus 5",
	"BillingStatusDescription": "BillingStatusDescription 5",
	"DeliveryStatus": "DeliveryStatus 5",
	"DeliveryStatusDescription": "DeliveryStatusDescription 5",
	"CreatedAt": "/Date(1576843678000)/",
	"ChangedAt": "/Date(1555240078000)/",
	"__metadata": {
		"uri": "SalesOrderSet('SalesOrderID%205')",
		"type": "GWSAMPLE_BASIC.SalesOrder"
	},
	"ToBusinessPartner": {
		"__deferred": {
			"uri": "SalesOrderSet('SalesOrderID%205')/ToBusinessPartner"
		}
	},
	"ToLineItems": {
		"__deferred": {
			"uri": "SalesOrderSet('SalesOrderID%205')/ToLineItems"
		}
	}
}, {
	"SalesOrderID": "SalesOrderID 6",
	"Note": "Note 6",
	"NoteLanguage": "NoteLanguage 6",
	"CustomerID": "BusinessPartnerID 6",
	"CustomerName": "CustomerName 6",
	"CurrencyCode": "CurrencyCode 6",
	"GrossAmount": 6883.56,
	"NetAmount": 1607.25,
	"TaxAmount": 6261.8,
	"LifecycleStatus": "LifecycleStatus 6",
	"LifecycleStatusDescription": "LifecycleStatusDescription 6",
	"BillingStatus": "BillingStatus 6",
	"BillingStatusDescription": "BillingStatusDescription 6",
	"DeliveryStatus": "DeliveryStatus 6",
	"DeliveryStatusDescription": "DeliveryStatusDescription 6",
	"CreatedAt": "/Date(1134821278000)/",
	"ChangedAt": "/Date(1226405278000)/",
	"__metadata": {
		"uri": "SalesOrderSet('SalesOrderID%206')",
		"type": "GWSAMPLE_BASIC.SalesOrder"
	},
	"ToBusinessPartner": {
		"__deferred": {
			"uri": "SalesOrderSet('SalesOrderID%206')/ToBusinessPartner"
		}
	},
	"ToLineItems": {
		"__deferred": {
			"uri": "SalesOrderSet('SalesOrderID%206')/ToLineItems"
		}
	}
}, {
	"SalesOrderID": "SalesOrderID 7",
	"Note": "Note 7",
	"NoteLanguage": "NoteLanguage 7",
	"CustomerID": "BusinessPartnerID 7",
	"CustomerName": "CustomerName 7",
	"CurrencyCode": "CurrencyCode 7",
	"GrossAmount": 9600.13,
	"NetAmount": 4098.18,
	"TaxAmount": 9261.04,
	"LifecycleStatus": "LifecycleStatus 7",
	"LifecycleStatusDescription": "LifecycleStatusDescription 7",
	"BillingStatus": "BillingStatus 7",
	"BillingStatusDescription": "BillingStatusDescription 7",
	"DeliveryStatus": "DeliveryStatus 7",
	"DeliveryStatusDescription": "DeliveryStatusDescription 7",
	"CreatedAt": "/Date(1511266078000)/",
	"ChangedAt": "/Date(1363090078000)/",
	"__metadata": {
		"uri": "SalesOrderSet('SalesOrderID%207')",
		"type": "GWSAMPLE_BASIC.SalesOrder"
	},
	"ToBusinessPartner": {
		"__deferred": {
			"uri": "SalesOrderSet('SalesOrderID%207')/ToBusinessPartner"
		}
	},
	"ToLineItems": {
		"__deferred": {
			"uri": "SalesOrderSet('SalesOrderID%207')/ToLineItems"
		}
	}
}, {
	"SalesOrderID": "SalesOrderID 8",
	"Note": "Note 8",
	"NoteLanguage": "NoteLanguage 8",
	"CustomerID": "BusinessPartnerID 8",
	"CustomerName": "CustomerName 8",
	"CurrencyCode": "CurrencyCode 8",
	"GrossAmount": 2762.93,
	"NetAmount": 1189.56,
	"TaxAmount": 5131.53,
	"LifecycleStatus": "LifecycleStatus 8",
	"LifecycleStatusDescription": "LifecycleStatusDescription 8",
	"BillingStatus": "BillingStatus 8",
	"BillingStatusDescription": "BillingStatusDescription 8",
	"DeliveryStatus": "DeliveryStatus 8",
	"DeliveryStatusDescription": "DeliveryStatusDescription 8",
	"CreatedAt": "/Date(1084187278000)/",
	"ChangedAt": "/Date(1114945678000)/",
	"__metadata": {
		"uri": "SalesOrderSet('SalesOrderID%208')",
		"type": "GWSAMPLE_BASIC.SalesOrder"
	},
	"ToBusinessPartner": {
		"__deferred": {
			"uri": "SalesOrderSet('SalesOrderID%208')/ToBusinessPartner"
		}
	},
	"ToLineItems": {
		"__deferred": {
			"uri": "SalesOrderSet('SalesOrderID%208')/ToLineItems"
		}
	}
}, {
	"SalesOrderID": "SalesOrderID 9",
	"Note": "Note 9",
	"NoteLanguage": "NoteLanguage 9",
	"CustomerID": "BusinessPartnerID 9",
	"CustomerName": "CustomerName 9",
	"CurrencyCode": "CurrencyCode 9",
	"GrossAmount": 6924.57,
	"NetAmount": 8661.62,
	"TaxAmount": 5754.21,
	"LifecycleStatus": "LifecycleStatus 9",
	"LifecycleStatusDescription": "LifecycleStatusDescription 9",
	"BillingStatus": "BillingStatus 9",
	"BillingStatusDescription": "BillingStatusDescription 9",
	"DeliveryStatus": "DeliveryStatus 9",
	"DeliveryStatusDescription": "DeliveryStatusDescription 9",
	"CreatedAt": "/Date(1517141278000)/",
	"ChangedAt": "/Date(1347620878000)/",
	"__metadata": {
		"uri": "SalesOrderSet('SalesOrderID%209')",
		"type": "GWSAMPLE_BASIC.SalesOrder"
	},
	"ToBusinessPartner": {
		"__deferred": {
			"uri": "SalesOrderSet('SalesOrderID%209')/ToBusinessPartner"
		}
	},
	"ToLineItems": {
		"__deferred": {
			"uri": "SalesOrderSet('SalesOrderID%209')/ToLineItems"
		}
	}
}, {
	"SalesOrderID": "SalesOrderID 10",
	"Note": "Note 10",
	"NoteLanguage": "NoteLanguage 10",
	"CustomerID": "BusinessPartnerID 10",
	"CustomerName": "CustomerName 10",
	"CurrencyCode": "CurrencyCode 10",
	"GrossAmount": 2471.16,
	"NetAmount": 2935.03,
	"TaxAmount": 8586.16,
	"LifecycleStatus": "LifecycleStatus 10",
	"LifecycleStatusDescription": "LifecycleStatusDescription 10",
	"BillingStatus": "BillingStatus 10",
	"BillingStatusDescription": "BillingStatusDescription 10",
	"DeliveryStatus": "DeliveryStatus 10",
	"DeliveryStatusDescription": "DeliveryStatusDescription 10",
	"CreatedAt": "/Date(1442315278000)/",
	"ChangedAt": "/Date(1222859278000)/",
	"__metadata": {
		"uri": "SalesOrderSet('SalesOrderID%2010')",
		"type": "GWSAMPLE_BASIC.SalesOrder"
	},
	"ToBusinessPartner": {
		"__deferred": {
			"uri": "SalesOrderSet('SalesOrderID%2010')/ToBusinessPartner"
		}
	},
	"ToLineItems": {
		"__deferred": {
			"uri": "SalesOrderSet('SalesOrderID%2010')/ToLineItems"
		}
	}
}]